age,job,marital,education,default,housing,loan,contact,month,day_of_week,duration,campaign,poutcome,cons_price_idx,y
102,blue-collar,married,basic.4y,unknown,yes,no,cellular,aug,thu,210,1,nonexistent,93.444,0
53,technician,married,unknown,no,no,no,cellular,nov,fri,138,1,nonexistent,93.2,0
28,management,single,university.degree,no,yes,no,cellular,jun,thu,339,,success,94.055,1
39,services,,high.school,no,no,no,cellular,,fri,185,2,nonexistent,,0
55,retired,married,basic.4y,no,yes,,cellular,aug,fri,137,1,success,92.201,1
30,management,divorced,basic.4y,no,yes,no,cellular,jul,tue,68,8,,93.918,0
37,blue-collar,married,basic.4y,no,yes,no,cellular,may,thu,204,1,nonexistent,92.893,0
39,blue-collar,divorced,basic.9y,no,yes,no,cellular,may,fri,191,1,nonexistent,92.893,0
,admin.,married,university.degree,no,no,no,cellular,jun,mon,174,1,success,92.963,1
27,blue-collar,single,,no,yes,no,cellular,apr,thu,191,2,failure,93.075,0
34,housemaid,single,university.degree,no,no,no,telephone,may,fri,62,2,nonexistent,93.994,0
41,management,married,university.degree,no,yes,no,cellular,aug,thu,789,1,nonexistent,93.444,0
55,management,married,university.degree,no,no,no,cellular,aug,mon,372,3,nonexistent,93.444,1
33,services,divorced,high.school,no,,no,cellular,may,tue,75,5,nonexistent,92.893,0
26,admin.,married,high.school,no,no,yes,telephone,jun,mon,1021,1,nonexistent,94.465,0
52,services,married,high.school,unknown,yes,no,cellular,jul,thu,,2,nonexistent,93.918,0
35,services,married,high.school,no,no,no,cellular,apr,thu,1034,2,nonexistent,93.075,1
27,admin.,single,university.degree,no,no,no,telephone,oct,tue,540,1,nonexistent,93.798,1
28,blue-collar,married,basic.9y,unknown,no,no,telephone,may,thu,140,1,nonexistent,93.994,0
26,unemployed,single,basic.9y,no,yes,yes,cellular,jul,mon,104,4,nonexistent,93.918,0
41,unemployed,married,basic.9y,unknown,yes,no,telephone,apr,fri,246,1,failure,,0
35,blue-collar,single,unknown,no,no,yes,telephone,jun,fri,1114,1,nonexistent,94.465,0
40,admin.,married,university.degree,unknown,yes,no,telephone,jul,wed,340,1,nonexistent,93.918,0
32,technician,single,professional.course,no,no,no,cellular,jul,thu,35,1,nonexistent,93.918,0
41,blue-collar,married,high.school,no,yes,yes,cellular,jul,thu,241,3,nonexistent,93.918,0
34,entrepreneur,single,university.degree,no,yes,no,cellular,may,tue,168,2,nonexistent,92.893,0
49,technician,divorced,unknown,no,yes,yes,cellular,oct,thu,81,1,nonexistent,92.431,0
37,admin.,married,high.school,no,yes,no,cellular,apr,thu,226,1,success,93.075,0
35,blue-collar,married,basic.6y,unknown,yes,no,cellular,may,fri,746,2,nonexistent,92.893,0
,blue-collar,single,basic.4y,unknown,no,no,telephone,jul,tue,41,5,nonexistent,93.918,0
47,services,divorced,high.school,no,no,no,telephone,jun,tue,115,1,nonexistent,94.465,0
46,admin.,married,university.degree,no,no,no,cellular,may,thu,227,2,nonexistent,92.893,0
27,technician,married,professional.course,no,yes,no,cellular,may,mon,275,1,nonexistent,92.893,0
29,technician,married,high.school,no,yes,no,cellular,jun,fri,365,3,nonexistent,92.963,1
32,services,divorced,basic.9y,unknown,no,no,cellular,jul,wed,68,,nonexistent,93.918,0
36,blue-collar,married,basic.6y,unknown,no,no,cellular,may,wed,54,1,failure,92.893,0
29,blue-collar,married,basic.4y,no,yes,yes,cellular,jul,mon,93,1,nonexistent,93.918,0
47,technician,married,high.school,unknown,no,no,cellular,apr,mon,267,2,failure,93.075,0
44,blue-collar,married,basic.4y,no,yes,no,telephone,jun,mon,,25,nonexistent,94.465,0
54,management,married,university.degree,no,yes,yes,cellular,aug,thu,121,11,nonexistent,93.444,0
36,blue-collar,married,basic.9y,no,no,,telephone,may,thu,294,2,nonexistent,93.994,0
42,blue-collar,married,basic.4y,no,yes,no,telephone,may,wed,24,1,nonexistent,,0
44,blue-collar,married,basic.4y,no,no,no,cellular,jul,tue,345,5,nonexistent,93.918,0
72,retired,,basic.6y,no,yes,no,cellular,nov,wed,244,2,nonexistent,92.649,1
48,blue-collar,married,basic.9y,unknown,no,no,cellular,aug,tue,213,3,nonexistent,93.444,0
36,management,married,high.school,unknown,yes,no,cellular,nov,thu,371,1,nonexistent,93.2,0
35,housemaid,married,basic.4y,no,yes,no,cellular,aug,mon,87,1,nonexistent,93.444,0
43,entrepreneur,married,basic.6y,no,yes,no,cellular,may,mon,195,3,failure,92.893,0
56,retired,married,basic.4y,unknown,yes,no,cellular,aug,wed,102,1,nonexistent,93.444,0
42,blue-collar,married,basic.9y,unknown,yes,no,telephone,jun,fri,93,2,nonexistent,94.465,0
31,admin.,single,university.degree,no,yes,no,cellular,may,mon,244,1,nonexistent,92.893,0
32,technician,married,basic.9y,unknown,no,no,telephone,jun,thu,52,5,nonexistent,94.465,0
33,blue-collar,married,high.school,unknown,yes,yes,cellular,may,mon,164,2,,92.893,0
31,blue-collar,married,basic.6y,unknown,no,no,telephone,jun,wed,91,4,nonexistent,94.465,0
39,management,married,university.degree,no,yes,no,telephone,may,wed,68,1,nonexistent,93.994,0
30,blue-collar,married,high.school,no,no,no,telephone,may,mon,122,4,nonexistent,93.994,0
24,management,single,university.degree,no,yes,no,cellular,may,thu,45,4,failure,92.893,0
24,admin.,married,,no,no,yes,telephone,may,mon,61,1,nonexistent,93.994,0
38,blue-collar,married,professional.course,no,yes,no,telephone,may,wed,,4,nonexistent,93.994,0
,blue-collar,married,high.school,no,yes,no,telephone,jun,wed,126,12,nonexistent,94.465,0
41,technician,married,professional.course,no,no,no,telephone,may,tue,92,1,nonexistent,93.994,0
34,admin.,married,high.school,no,yes,yes,cellular,apr,fri,329,1,nonexistent,93.075,0
30,management,married,university.degree,no,no,no,cellular,mar,mon,116,1,nonexistent,92.843,1
37,admin.,married,university.degree,no,yes,no,cellular,nov,fri,450,1,nonexistent,93.2,0
68,retired,married,basic.4y,no,yes,no,cellular,jul,wed,665,1,nonexistent,92.469,0
31,admin.,single,high.school,no,no,no,cellular,jul,fri,168,2,nonexistent,93.918,0
48,technician,divorced,university.degree,no,yes,no,cellular,apr,thu,132,1,nonexistent,93.075,0
33,technician,married,professional.course,no,yes,no,telephone,may,mon,349,4,nonexistent,93.994,0
59,self-employed,single,university.degree,no,yes,no,telephone,may,fri,249,3,nonexistent,92.893,0
44,blue-collar,married,unknown,unknown,yes,no,telephone,may,tue,336,3,nonexistent,93.994,0
28,unknown,single,unknown,unknown,yes,no,telephone,jun,thu,169,1,nonexistent,94.465,0
50,management,married,university.degree,no,no,no,cellular,aug,tue,89,3,success,92.201,0
33,entrepreneur,married,university.degree,no,no,no,cellular,nov,thu,55,1,nonexistent,93.2,0
45,services,married,professional.course,no,yes,no,telephone,may,mon,221,1,nonexistent,93.994,0
40,management,married,university.degree,no,no,no,cellular,jul,mon,77,2,nonexistent,93.918,0
45,services,married,professional.course,no,no,no,telephone,aug,thu,64,18,nonexistent,,0
43,technician,divorced,university.degree,unknown,no,no,telephone,may,mon,62,2,nonexistent,93.994,0
54,blue-collar,married,professional.course,unknown,yes,yes,telephone,may,mon,198,3,nonexistent,93.994,0
53,technician,divorced,professional.course,no,no,no,telephone,may,tue,249,1,nonexistent,93.994,0
35,self-employed,single,university.degree,no,yes,no,cellular,jul,thu,106,1,nonexistent,93.918,0
30,technician,single,professional.course,no,yes,no,cellular,aug,fri,445,1,nonexistent,93.444,0
25,technician,married,professional.course,no,yes,no,telephone,jun,wed,,2,nonexistent,94.465,0
35,services,divorced,professional.course,no,no,yes,cellular,aug,thu,66,1,nonexistent,93.444,0
,admin.,married,university.degree,no,yes,no,cellular,mar,mon,415,,nonexistent,92.843,1
30,blue-collar,married,basic.6y,no,no,no,cellular,jul,mon,173,2,nonexistent,93.918,0
38,admin.,married,university.degree,unknown,yes,no,cellular,aug,tue,173,1,nonexistent,93.444,0
35,admin.,married,university.degree,no,yes,no,cellular,oct,thu,86,1,failure,92.431,0
47,blue-collar,married,professional.course,unknown,yes,no,telephone,may,wed,131,1,nonexistent,93.994,0
32,blue-collar,single,high.school,no,yes,no,cellular,jul,tue,523,3,nonexistent,93.918,0
27,blue-collar,married,basic.9y,no,yes,no,telephone,may,tue,383,1,nonexistent,93.994,0
40,blue-collar,married,basic.9y,no,unknown,unknown,telephone,nov,thu,160,1,nonexistent,93.2,1
31,admin.,married,high.school,no,no,no,telephone,may,mon,220,3,nonexistent,93.994,0
42,blue-collar,divorced,basic.9y,no,no,no,cellular,apr,mon,20,2,nonexistent,93.075,0
40,blue-collar,,basic.6y,no,yes,no,cellular,may,thu,160,4,nonexistent,92.893,0
31,admin.,single,high.school,no,yes,no,cellular,nov,wed,79,1,nonexistent,93.2,0
57,technician,married,basic.4y,unknown,no,no,telephone,jun,thu,243,2,nonexistent,94.465,0
38,admin.,single,high.school,no,yes,no,cellular,apr,thu,,1,success,93.749,1
39,services,married,high.school,unknown,no,no,telephone,may,mon,5,2,nonexistent,93.994,0
37,admin.,divorced,high.school,unknown,yes,yes,telephone,may,wed,354,5,,93.994,0
50,unemployed,married,professional.course,unknown,yes,yes,cellular,jul,thu,225,1,nonexistent,93.918,0
33,blue-collar,single,basic.4y,no,yes,yes,cellular,,thu,460,1,nonexistent,93.075,1
41,blue-collar,married,basic.6y,no,unknown,unknown,telephone,jun,tue,202,1,nonexistent,94.465,0
37,entrepreneur,married,basic.6y,unknown,unknown,,telephone,may,fri,71,1,nonexistent,93.994,0
25,student,single,high.school,no,no,no,cellular,apr,wed,54,1,nonexistent,93.075,0
35,admin.,married,high.school,unknown,no,no,cellular,jul,fri,451,1,nonexistent,93.918,0
46,management,married,university.degree,no,no,no,cellular,jul,mon,662,2,nonexistent,93.918,1
29,admin.,divorced,university.degree,no,no,no,telephone,jun,mon,187,3,nonexistent,94.465,0
35,admin.,married,university.degree,no,yes,no,cellular,aug,thu,82,4,nonexistent,93.444,0
48,entrepreneur,single,professional.course,no,yes,no,cellular,may,wed,606,3,nonexistent,92.893,0
31,self-employed,single,university.degree,no,no,no,cellular,oct,fri,76,1,nonexistent,92.431,0
33,blue-collar,divorced,basic.9y,no,no,yes,telephone,may,thu,18,6,failure,92.893,0
63,retired,divorced,university.degree,no,no,yes,cellular,jul,thu,317,1,failure,92.469,0
38,admin.,married,high.school,no,yes,no,cellular,nov,tue,,2,nonexistent,93.2,0
34,admin.,divorced,high.school,no,no,no,cellular,nov,tue,492,2,success,92.649,0
34,services,divorced,high.school,no,no,no,telephone,jul,thu,212,4,nonexistent,93.918,0
,management,married,university.degree,no,yes,no,telephone,may,wed,267,2,success,93.876,0
27,blue-collar,single,basic.9y,no,yes,no,telephone,may,wed,185,1,nonexistent,93.994,0
24,admin.,single,university.degree,no,no,no,cellular,aug,fri,744,1,failure,94.027,1
36,blue-collar,married,,no,yes,no,cellular,may,wed,499,3,nonexistent,92.893,0
29,services,single,high.school,unknown,no,no,telephone,jun,mon,123,2,nonexistent,94.465,0
58,retired,married,basic.9y,no,yes,no,telephone,jun,mon,198,1,nonexistent,94.465,0
40,technician,married,professional.course,no,no,no,cellular,aug,tue,156,1,nonexistent,93.444,0
31,admin.,single,university.degree,no,yes,no,cellular,aug,thu,98,8,nonexistent,93.444,0
60,retired,married,basic.4y,unknown,no,no,cellular,aug,tue,332,3,nonexistent,93.444,0
58,housemaid,married,basic.4y,unknown,yes,no,telephone,jul,tue,35,1,nonexistent,93.918,0
32,blue-collar,single,basic.9y,no,yes,no,cellular,jul,tue,124,2,nonexistent,93.918,0
54,admin.,divorced,university.degree,no,no,no,telephone,jun,tue,213,4,nonexistent,94.465,0
43,technician,married,professional.course,unknown,yes,no,cellular,aug,mon,145,2,nonexistent,93.444,0
48,retired,married,basic.4y,unknown,no,no,telephone,jun,wed,145,8,nonexistent,94.465,0
33,admin.,married,university.degree,no,yes,no,cellular,nov,thu,195,1,nonexistent,93.2,0
37,blue-collar,married,basic.9y,unknown,no,no,telephone,jul,mon,179,2,nonexistent,93.918,0
35,services,divorced,professional.course,unknown,no,no,telephone,may,wed,184,2,nonexistent,93.994,0
34,services,married,high.school,no,no,no,telephone,may,thu,285,1,nonexistent,93.994,0
30,technician,single,university.degree,no,yes,no,cellular,aug,thu,31,17,nonexistent,93.444,0
38,admin.,married,basic.9y,unknown,yes,no,telephone,jun,mon,306,,nonexistent,94.465,0
29,technician,divorced,professional.course,unknown,yes,no,cellular,may,fri,14,5,failure,92.893,0
49,entrepreneur,married,university.degree,no,yes,no,cellular,apr,mon,334,1,nonexistent,93.075,0
48,management,divorced,university.degree,no,no,no,cellular,aug,fri,117,1,nonexistent,92.201,0
33,management,married,high.school,no,yes,,cellular,jul,wed,155,2,nonexistent,93.918,0
33,admin.,single,university.degree,no,yes,yes,telephone,apr,wed,117,1,nonexistent,93.075,0
,management,married,university.degree,no,no,no,telephone,may,fri,,1,nonexistent,93.994,0
39,admin.,married,university.degree,no,no,no,telephone,jun,tue,102,1,nonexistent,94.465,0
55,entrepreneur,married,university.degree,unknown,yes,yes,cellular,nov,tue,157,2,nonexistent,93.2,0
46,management,married,university.degree,unknown,yes,no,telephone,may,thu,311,3,nonexistent,93.994,0
55,blue-collar,divorced,basic.4y,unknown,no,yes,telephone,jun,tue,115,3,nonexistent,94.465,0
42,entrepreneur,married,university.degree,no,yes,no,cellular,nov,fri,58,1,failure,93.2,0
24,student,,high.school,unknown,yes,no,cellular,may,wed,290,1,failure,92.893,0
49,blue-collar,married,basic.9y,unknown,yes,no,cellular,aug,thu,114,1,nonexistent,93.444,0
38,admin.,married,unknown,no,no,yes,cellular,jul,wed,311,3,nonexistent,,0
34,admin.,married,university.degree,unknown,no,no,cellular,aug,tue,146,1,nonexistent,93.444,0
46,blue-collar,married,basic.4y,unknown,no,no,cellular,jul,fri,111,1,nonexistent,93.918,0
45,technician,married,professional.course,unknown,yes,no,cellular,aug,thu,360,5,nonexistent,93.444,0
40,admin.,married,basic.9y,no,yes,no,cellular,jul,thu,106,4,nonexistent,93.918,0
46,admin.,divorced,basic.9y,unknown,no,no,telephone,may,wed,423,1,nonexistent,93.994,0
31,blue-collar,single,basic.9y,no,no,no,telephone,jun,wed,350,7,nonexistent,94.465,0
57,self-employed,married,basic.9y,unknown,yes,yes,telephone,may,tue,122,1,nonexistent,93.994,0
36,admin.,married,university.degree,no,no,no,cellular,may,mon,91,3,nonexistent,92.893,0
50,technician,married,professional.course,no,unknown,unknown,cellular,nov,tue,319,2,failure,93.2,0
32,admin.,single,high.school,no,yes,yes,cellular,apr,wed,120,1,nonexistent,93.075,0
38,admin.,single,university.degree,no,yes,no,cellular,jul,mon,82,2,,92.469,0
50,admin.,married,university.degree,no,unknown,unknown,cellular,may,wed,801,1,failure,93.876,0
42,blue-collar,married,basic.4y,no,yes,no,telephone,jun,thu,168,2,nonexistent,94.465,0
31,technician,married,professional.course,no,yes,no,cellular,aug,wed,409,2,nonexistent,93.444,0
27,unemployed,single,university.degree,no,yes,no,cellular,jul,tue,120,1,nonexistent,93.918,0
44,self-employed,divorced,high.school,no,yes,no,telephone,jun,mon,123,1,nonexistent,94.465,0
26,housemaid,single,high.school,unknown,yes,yes,telephone,jul,thu,,1,nonexistent,93.918,0
30,blue-collar,single,,unknown,yes,no,cellular,may,thu,340,1,nonexistent,92.893,0
39,self-employed,single,high.school,no,yes,no,cellular,nov,fri,169,1,nonexistent,93.2,0
64,retired,married,unknown,no,no,no,cellular,aug,fri,252,4,nonexistent,92.201,1
36,management,married,university.degree,no,unknown,unknown,cellular,sep,wed,331,1,failure,94.199,1
42,blue-collar,married,basic.4y,unknown,yes,no,telephone,may,wed,191,4,nonexistent,93.994,0
,services,single,high.school,no,no,,cellular,may,thu,122,2,nonexistent,92.893,0
40,admin.,divorced,high.school,no,no,no,cellular,jul,wed,1776,3,nonexistent,93.918,0
34,services,married,high.school,no,no,yes,cellular,may,wed,362,2,failure,92.893,0
31,blue-collar,married,basic.6y,no,yes,yes,telephone,may,thu,237,2,nonexistent,93.994,0
49,admin.,single,university.degree,no,no,no,telephone,may,fri,201,3,nonexistent,93.994,0
35,unemployed,divorced,basic.9y,no,no,no,cellular,jul,thu,169,7,nonexistent,93.918,0
60,admin.,married,unknown,unknown,no,yes,telephone,may,mon,213,2,nonexistent,93.994,0
38,admin.,divorced,basic.9y,no,no,no,cellular,nov,fri,271,1,nonexistent,93.2,0
32,management,married,professional.course,no,no,no,cellular,may,thu,125,1,failure,92.893,0
50,self-employed,married,basic.9y,no,yes,yes,cellular,may,mon,673,6,success,92.893,1
41,admin.,married,university.degree,no,yes,no,cellular,apr,fri,961,6,nonexistent,93.749,1
45,admin.,married,high.school,no,no,no,telephone,may,wed,215,2,nonexistent,,0
46,blue-collar,married,basic.6y,no,no,yes,telephone,jun,tue,179,2,nonexistent,94.465,0
55,unknown,married,basic.4y,unknown,yes,no,telephone,may,mon,336,1,nonexistent,93.994,0
33,technician,divorced,professional.course,no,yes,no,telephone,may,fri,44,1,nonexistent,93.994,0
45,blue-collar,married,unknown,unknown,no,no,telephone,may,mon,223,1,nonexistent,93.994,0
29,blue-collar,married,high.school,no,yes,no,cellular,may,wed,66,1,nonexistent,92.893,0
42,technician,married,high.school,unknown,no,no,cellular,jul,wed,252,2,nonexistent,93.918,0
39,housemaid,married,university.degree,no,yes,no,telephone,may,mon,167,2,nonexistent,93.994,0
58,blue-collar,married,unknown,unknown,yes,no,cellular,jul,thu,180,,nonexistent,93.918,0
32,management,divorced,university.degree,no,yes,no,cellular,jul,tue,,4,nonexistent,93.918,0
44,technician,divorced,professional.course,unknown,yes,no,cellular,apr,thu,18,3,failure,93.075,0
49,self-employed,married,professional.course,no,no,no,telephone,may,fri,374,2,nonexistent,93.994,0
29,blue-collar,married,basic.6y,no,yes,no,cellular,may,thu,108,4,nonexistent,92.893,0
51,management,married,university.degree,no,no,no,telephone,jun,wed,16,17,nonexistent,94.465,0
36,admin.,married,university.degree,no,yes,no,cellular,aug,thu,45,8,nonexistent,93.444,0
23,management,single,university.degree,no,yes,no,cellular,apr,mon,122,1,nonexistent,93.075,1
31,management,single,university.degree,no,yes,no,cellular,,mon,72,1,nonexistent,93.444,0
32,technician,married,unknown,no,yes,no,cellular,jul,fri,107,2,nonexistent,93.918,0
58,self-employed,divorced,professional.course,no,no,no,telephone,jun,thu,197,1,nonexistent,94.465,0
31,services,single,high.school,no,yes,no,cellular,jul,wed,21,20,nonexistent,93.918,0
32,blue-collar,married,professional.course,no,yes,no,cellular,may,fri,160,2,nonexistent,92.893,0
43,unemployed,married,high.school,no,no,no,cellular,aug,thu,319,4,success,92.201,0
48,admin.,divorced,professional.course,no,yes,no,telephone,may,fri,427,3,nonexistent,93.994,0
28,admin.,single,high.school,no,yes,,cellular,jul,thu,270,2,nonexistent,93.918,0
52,services,unknown,professional.course,no,yes,no,telephone,jun,fri,7,2,nonexistent,94.465,0
36,management,married,university.degree,no,no,no,telephone,jun,thu,22,1,nonexistent,94.465,0
39,admin.,divorced,high.school,no,yes,yes,cellular,apr,thu,433,2,nonexistent,93.075,0
39,blue-collar,married,unknown,unknown,yes,no,telephone,jul,tue,49,5,nonexistent,93.918,0
50,management,married,university.degree,no,yes,no,telephone,oct,thu,258,1,failure,92.431,0
29,admin.,single,university.degree,no,yes,no,cellular,nov,fri,190,1,nonexistent,93.2,0
49,technician,divorced,professional.course,no,yes,no,cellular,may,tue,130,3,nonexistent,92.893,0
36,blue-collar,married,basic.6y,no,no,no,cellular,nov,wed,130,1,nonexistent,93.2,0
29,blue-collar,married,basic.9y,unknown,yes,no,cellular,may,thu,182,6,nonexistent,92.893,0
27,entrepreneur,single,university.degree,no,no,no,telephone,jun,tue,259,3,nonexistent,94.465,0
31,blue-collar,married,basic.9y,no,yes,no,cellular,jul,wed,124,1,nonexistent,93.918,0
43,management,single,,no,no,no,cellular,nov,fri,40,1,nonexistent,93.2,0
32,blue-collar,married,unknown,no,no,no,cellular,nov,thu,366,4,nonexistent,93.2,0
,blue-collar,married,high.school,unknown,yes,no,cellular,aug,wed,399,2,nonexistent,93.444,0
56,blue-collar,married,basic.4y,no,no,no,telephone,jun,wed,,2,,94.465,0
38,admin.,married,high.school,no,unknown,unknown,telephone,may,wed,23,16,nonexistent,93.994,0
35,blue-collar,married,basic.9y,unknown,no,no,telephone,may,thu,170,1,nonexistent,93.994,0
30,admin.,single,university.degree,no,yes,no,cellular,aug,fri,83,1,failure,92.201,0
46,management,married,university.degree,unknown,no,no,cellular,apr,fri,79,1,nonexistent,93.075,0
43,blue-collar,married,basic.9y,no,yes,no,cellular,may,thu,93,4,failure,92.893,0
38,technician,married,university.degree,unknown,no,no,telephone,may,thu,257,2,nonexistent,93.994,0
52,retired,married,university.degree,no,yes,no,telephone,nov,thu,188,2,nonexistent,93.2,0
30,technician,unknown,university.degree,no,no,no,cellular,oct,fri,131,2,success,94.601,0
31,unemployed,married,high.school,yes,no,no,cellular,nov,tue,111,2,failure,93.2,0
31,blue-collar,single,basic.4y,unknown,yes,no,cellular,may,fri,73,1,nonexistent,92.893,0
24,technician,single,professional.course,no,no,no,cellular,may,thu,175,1,failure,92.893,0
34,admin.,single,university.degree,no,yes,no,cellular,jul,tue,439,2,nonexistent,93.918,0
48,admin.,married,unknown,no,no,no,cellular,aug,thu,262,1,nonexistent,93.444,0
30,admin.,married,university.degree,no,yes,no,cellular,aug,thu,136,1,nonexistent,93.444,0
23,blue-collar,single,high.school,unknown,yes,no,cellular,jul,mon,150,4,nonexistent,,0
20,entrepreneur,single,high.school,no,no,no,telephone,may,thu,598,3,nonexistent,93.994,0
43,admin.,divorced,high.school,no,no,no,cellular,jul,mon,96,3,nonexistent,93.918,0
26,services,single,high.school,no,no,no,cellular,may,mon,298,2,failure,92.893,0
58,unemployed,single,basic.4y,unknown,no,,telephone,jun,mon,170,6,nonexistent,94.465,0
26,admin.,single,university.degree,no,yes,no,cellular,may,tue,104,5,nonexistent,92.893,0
35,admin.,married,high.school,unknown,yes,no,telephone,may,fri,213,14,nonexistent,93.994,0
35,admin.,married,high.school,unknown,no,no,cellular,jul,mon,356,3,nonexistent,93.918,0
59,admin.,divorced,professional.course,no,no,no,cellular,aug,tue,206,1,failure,92.201,1
54,blue-collar,married,basic.4y,unknown,no,no,telephone,may,mon,102,1,nonexistent,93.994,0
37,blue-collar,divorced,basic.9y,no,yes,no,cellular,jul,thu,346,2,nonexistent,93.918,0
46,technician,divorced,professional.course,no,no,no,telephone,jun,wed,53,2,nonexistent,94.465,0
52,services,married,high.school,unknown,no,no,cellular,jul,mon,81,6,nonexistent,93.918,0
52,management,married,university.degree,no,yes,no,cellular,nov,tue,67,1,nonexistent,93.2,0
32,student,single,university.degree,no,no,no,cellular,may,fri,209,1,nonexistent,92.893,0
33,services,married,basic.4y,no,no,no,telephone,may,tue,202,4,nonexistent,93.994,0
33,technician,divorced,high.school,no,yes,no,cellular,may,tue,247,1,nonexistent,92.893,0
,technician,single,unknown,no,no,no,telephone,may,mon,230,2,nonexistent,93.994,0
38,blue-collar,divorced,unknown,no,yes,no,telephone,may,thu,451,2,nonexistent,93.994,0
43,blue-collar,married,high.school,unknown,yes,no,telephone,may,tue,,1,nonexistent,93.994,0
49,admin.,divorced,university.degree,no,no,no,telephone,may,fri,24,1,nonexistent,93.994,0
30,blue-collar,married,basic.9y,no,unknown,unknown,telephone,may,wed,107,3,nonexistent,92.893,0
37,technician,married,professional.course,no,no,no,cellular,apr,fri,54,2,nonexistent,93.075,0
47,blue-collar,married,professional.course,no,no,no,cellular,jul,mon,86,2,nonexistent,93.918,0
32,blue-collar,married,basic.4y,no,yes,no,telephone,nov,thu,111,8,nonexistent,92.649,0
32,unemployed,married,university.degree,no,yes,no,cellular,jul,fri,47,2,nonexistent,93.918,0
35,services,divorced,university.degree,no,yes,no,cellular,may,mon,215,1,nonexistent,92.893,0
36,management,divorced,university.degree,no,unknown,unknown,cellular,may,fri,423,1,nonexistent,92.893,0
41,blue-collar,married,basic.9y,no,yes,no,cellular,may,wed,233,2,nonexistent,92.893,0
48,blue-collar,married,basic.9y,no,yes,no,telephone,aug,fri,67,2,nonexistent,93.444,0
43,technician,married,high.school,no,no,no,cellular,jul,wed,1389,7,nonexistent,93.918,0
57,technician,married,university.degree,no,no,no,telephone,may,fri,50,2,nonexistent,93.994,0
28,entrepreneur,married,university.degree,unknown,no,no,cellular,apr,mon,774,2,nonexistent,93.075,0
30,services,single,high.school,unknown,no,no,telephone,jul,thu,454,18,nonexistent,93.918,0
27,student,single,high.school,no,no,,cellular,may,mon,64,2,failure,92.893,0
44,blue-collar,married,basic.6y,unknown,yes,no,telephone,may,tue,212,1,nonexistent,93.994,0
43,services,married,basic.9y,no,no,no,telephone,jun,thu,110,17,nonexistent,94.465,0
28,technician,married,basic.9y,no,yes,no,cellular,may,wed,23,1,failure,92.893,0
34,blue-collar,married,basic.9y,no,no,no,cellular,may,tue,169,1,nonexistent,92.893,0
32,services,married,high.school,no,yes,no,telephone,jul,thu,251,2,nonexistent,93.918,0
30,admin.,single,university.degree,no,yes,no,cellular,aug,fri,353,10,nonexistent,93.444,0
45,admin.,divorced,university.degree,no,no,no,cellular,jul,fri,508,,nonexistent,93.918,0
49,blue-collar,married,basic.4y,unknown,yes,no,telephone,may,wed,410,1,nonexistent,93.994,0
45,blue-collar,married,,no,yes,no,telephone,may,thu,89,5,nonexistent,93.994,0
56,technician,married,basic.9y,no,yes,no,telephone,may,wed,52,2,nonexistent,93.994,0
48,admin.,single,university.degree,no,yes,no,cellular,aug,wed,118,1,success,,1
42,unemployed,married,high.school,no,yes,no,cellular,nov,tue,154,2,nonexistent,93.2,0
,management,married,university.degree,no,yes,yes,telephone,,mon,409,2,nonexistent,94.465,0
54,blue-collar,married,basic.9y,no,no,no,cellular,jun,fri,258,2,nonexistent,92.963,1
40,admin.,married,university.degree,no,yes,no,cellular,aug,wed,,2,nonexistent,93.444,0
47,blue-collar,single,basic.9y,no,yes,no,telephone,may,thu,54,1,nonexistent,93.994,0
29,technician,single,university.degree,no,no,no,cellular,aug,wed,896,6,nonexistent,93.444,0
37,admin.,married,university.degree,no,yes,yes,cellular,jun,mon,412,2,nonexistent,92.963,1
35,technician,married,basic.9y,no,no,no,telephone,may,wed,24,1,nonexistent,93.994,0
54,technician,married,professional.course,no,yes,no,cellular,nov,tue,149,2,nonexistent,93.2,0
45,unknown,married,university.degree,no,yes,no,cellular,may,thu,254,1,failure,93.876,0
35,admin.,single,university.degree,no,yes,no,cellular,jul,fri,564,2,nonexistent,93.918,0
37,blue-collar,married,professional.course,no,yes,no,cellular,may,mon,185,1,failure,92.893,0
38,management,married,basic.9y,no,yes,no,telephone,may,tue,1000,1,nonexistent,93.994,1
33,blue-collar,married,basic.9y,unknown,yes,no,telephone,may,mon,88,2,,93.994,0
31,blue-collar,divorced,basic.9y,no,yes,no,telephone,jun,thu,166,2,nonexistent,94.465,0
34,admin.,married,university.degree,unknown,no,no,telephone,may,thu,134,1,nonexistent,93.994,0
51,blue-collar,divorced,high.school,no,no,no,cellular,may,tue,131,2,nonexistent,92.893,0
38,blue-collar,married,high.school,unknown,yes,no,cellular,may,wed,118,1,failure,92.893,0
25,admin.,single,basic.9y,no,no,no,cellular,jul,thu,81,3,nonexistent,93.918,0
35,technician,single,professional.course,no,yes,no,cellular,aug,wed,75,6,nonexistent,93.444,0
55,self-employed,married,university.degree,no,yes,no,cellular,may,mon,123,2,nonexistent,92.893,0
37,admin.,married,high.school,unknown,yes,no,telephone,may,mon,313,1,nonexistent,93.994,0
31,technician,married,high.school,no,no,no,cellular,aug,thu,124,3,nonexistent,93.444,0
36,services,married,high.school,no,unknown,unknown,telephone,may,thu,262,4,nonexistent,93.994,0
59,retired,married,basic.4y,unknown,yes,yes,telephone,may,wed,571,1,nonexistent,93.994,0
37,blue-collar,married,basic.6y,no,no,no,telephone,oct,fri,131,1,nonexistent,92.431,0
,retired,divorced,high.school,no,yes,yes,telephone,dec,mon,88,6,nonexistent,92.713,0
44,technician,divorced,basic.9y,unknown,yes,yes,telephone,may,tue,388,2,nonexistent,93.994,0
29,technician,single,professional.course,no,no,no,cellular,aug,mon,157,3,nonexistent,93.444,0
32,services,married,basic.4y,no,yes,yes,cellular,nov,mon,111,1,nonexistent,93.2,0
45,services,divorced,basic.9y,no,yes,no,cellular,apr,mon,325,1,nonexistent,93.075,0
49,blue-collar,married,unknown,unknown,no,no,telephone,jun,wed,112,4,nonexistent,94.465,0
25,services,single,unknown,no,no,no,telephone,jul,fri,662,4,nonexistent,93.918,0
34,blue-collar,divorced,basic.4y,unknown,yes,no,cellular,jul,mon,,2,nonexistent,93.918,0
37,technician,single,professional.course,no,yes,no,cellular,aug,thu,115,1,nonexistent,93.444,0
48,technician,single,university.degree,unknown,yes,no,cellular,aug,tue,159,2,nonexistent,93.444,0
52,services,married,high.school,no,yes,no,telephone,aug,mon,575,2,nonexistent,93.444,0
30,technician,single,professional.course,no,no,no,cellular,aug,tue,216,3,nonexistent,93.444,0
57,retired,married,basic.9y,no,yes,no,cellular,aug,mon,342,4,nonexistent,93.444,0
38,blue-collar,married,basic.4y,no,yes,no,cellular,nov,mon,117,2,nonexistent,93.2,0
31,blue-collar,single,high.school,no,no,no,cellular,nov,wed,145,1,nonexistent,93.2,0
40,technician,married,basic.9y,unknown,yes,no,telephone,jun,tue,168,2,nonexistent,94.465,0
38,services,married,high.school,no,yes,yes,telephone,may,mon,506,1,nonexistent,,0
33,management,single,university.degree,no,no,no,telephone,may,fri,261,1,nonexistent,93.994,0
28,admin.,single,university.degree,no,yes,no,cellular,sep,mon,387,2,success,94.199,0
33,technician,married,professional.course,no,yes,no,cellular,aug,mon,417,2,nonexistent,93.444,0
58,retired,married,basic.4y,no,no,no,cellular,jul,tue,81,1,nonexistent,93.918,0
30,self-employed,married,professional.course,no,yes,no,cellular,may,tue,98,5,nonexistent,92.893,0
42,self-employed,married,professional.course,unknown,no,no,cellular,may,fri,160,1,failure,92.893,0
35,technician,divorced,basic.4y,no,no,no,cellular,nov,tue,363,1,nonexistent,94.767,1
41,housemaid,married,high.school,no,yes,no,cellular,jul,fri,440,4,nonexistent,93.918,0
31,self-employed,single,university.degree,no,no,no,cellular,nov,fri,906,1,failure,93.2,0
,admin.,married,high.school,no,no,no,telephone,may,tue,167,,nonexistent,93.994,0
80,retired,married,basic.4y,no,no,no,cellular,oct,tue,242,1,failure,92.431,1
47,blue-collar,married,high.school,no,no,no,cellular,apr,thu,439,2,nonexistent,93.075,1
39,housemaid,married,,no,yes,no,cellular,jul,fri,76,4,nonexistent,93.918,0
30,technician,married,university.degree,no,no,no,cellular,aug,fri,,2,nonexistent,93.444,0
33,blue-collar,married,high.school,no,yes,no,telephone,may,wed,233,1,nonexistent,93.994,0
50,management,married,university.degree,unknown,no,no,telephone,may,fri,136,1,nonexistent,93.994,0
33,blue-collar,married,basic.9y,no,yes,no,cellular,may,fri,656,1,nonexistent,92.893,1
40,technician,married,professional.course,no,yes,yes,cellular,jul,wed,323,1,nonexistent,93.918,0
40,retired,married,basic.4y,unknown,yes,no,cellular,jul,fri,1689,2,nonexistent,93.918,1
30,blue-collar,married,basic.9y,no,yes,no,telephone,jun,fri,185,1,nonexistent,94.465,0
23,management,single,university.degree,no,yes,no,cellular,jul,thu,134,1,nonexistent,93.918,0
28,blue-collar,married,basic.9y,unknown,no,no,cellular,may,fri,182,2,failure,92.893,0
41,self-employed,married,basic.9y,no,yes,no,cellular,may,thu,1135,3,failure,92.893,1
26,student,single,basic.9y,no,no,no,telephone,aug,wed,449,1,nonexistent,92.201,1
45,admin.,married,university.degree,no,no,no,cellular,aug,mon,216,1,nonexistent,93.444,0
28,admin.,single,university.degree,no,yes,no,cellular,oct,mon,324,1,success,94.601,0
32,technician,married,university.degree,no,no,no,cellular,aug,fri,198,1,nonexistent,93.444,0
32,management,single,university.degree,no,no,no,cellular,aug,fri,157,1,nonexistent,93.444,0
56,entrepreneur,divorced,university.degree,no,no,yes,telephone,jun,mon,311,1,nonexistent,94.465,0
45,admin.,divorced,basic.9y,no,yes,no,cellular,nov,wed,575,9,nonexistent,93.2,0
29,technician,divorced,professional.course,no,yes,no,telephone,jun,wed,11,19,nonexistent,94.465,0
33,technician,married,university.degree,no,yes,no,cellular,may,mon,182,1,nonexistent,92.893,0
,blue-collar,married,basic.4y,no,yes,no,telephone,jun,fri,94,7,nonexistent,94.465,0
51,technician,married,professional.course,no,no,no,cellular,nov,wed,272,1,nonexistent,92.649,0
32,blue-collar,married,basic.6y,no,unknown,unknown,telephone,jun,tue,31,5,nonexistent,94.465,0
36,blue-collar,married,basic.4y,no,no,no,cellular,may,tue,245,1,failure,92.893,0
36,blue-collar,married,unknown,no,no,no,telephone,jun,thu,179,1,nonexistent,94.465,0
32,technician,married,professional.course,no,no,no,telephone,jun,thu,805,2,nonexistent,94.465,0
51,technician,married,professional.course,no,no,yes,telephone,jun,mon,147,1,nonexistent,94.465,0
25,blue-collar,married,basic.9y,unknown,no,no,telephone,jun,tue,71,1,nonexistent,94.465,0
39,entrepreneur,married,university.degree,no,yes,no,cellular,sep,tue,120,3,nonexistent,,0
33,blue-collar,married,basic.9y,no,yes,no,cellular,may,thu,263,1,nonexistent,92.893,0
32,technician,single,professional.course,no,yes,no,cellular,jul,thu,81,2,nonexistent,93.918,0
35,blue-collar,married,basic.9y,no,yes,no,telephone,may,wed,180,1,nonexistent,93.994,0
41,technician,divorced,professional.course,no,unknown,unknown,telephone,oct,mon,73,1,nonexistent,93.798,0
44,admin.,married,university.degree,unknown,no,no,telephone,may,wed,202,1,nonexistent,93.994,0
34,management,married,university.degree,no,no,no,cellular,apr,mon,163,1,nonexistent,93.075,1
27,services,single,high.school,no,yes,no,telephone,may,wed,386,1,nonexistent,93.994,0
51,blue-collar,married,basic.4y,unknown,yes,no,telephone,jul,wed,,1,nonexistent,93.918,0
42,admin.,married,university.degree,unknown,no,no,telephone,may,tue,42,4,nonexistent,93.994,0
61,blue-collar,married,high.school,no,no,no,cellular,oct,wed,108,1,nonexistent,92.431,0
48,unemployed,married,professional.course,no,yes,no,cellular,sep,mon,315,2,nonexistent,94.199,1
54,entrepreneur,married,university.degree,no,yes,no,cellular,nov,wed,159,2,success,93.2,0
35,admin.,single,high.school,no,yes,yes,telephone,may,mon,19,1,nonexistent,93.994,0
48,blue-collar,married,basic.9y,no,no,no,cellular,aug,mon,348,2,nonexistent,93.444,0
23,technician,single,professional.course,no,yes,no,telephone,jul,thu,194,2,nonexistent,93.918,0
33,blue-collar,married,basic.6y,no,no,no,telephone,may,wed,1183,1,nonexistent,93.994,1
30,admin.,married,university.degree,no,no,no,cellular,aug,mon,160,1,nonexistent,93.444,0
,blue-collar,single,high.school,unknown,no,yes,cellular,may,thu,338,3,nonexistent,92.893,0
44,technician,single,professional.course,unknown,no,no,telephone,may,mon,374,6,nonexistent,93.994,0
29,technician,single,university.degree,no,no,yes,telephone,jul,wed,357,7,nonexistent,93.918,0
55,retired,married,high.school,no,yes,no,cellular,aug,tue,106,4,nonexistent,93.444,0
24,blue-collar,single,basic.9y,unknown,no,no,telephone,jul,fri,270,1,,93.918,0
61,admin.,married,university.degree,no,yes,no,cellular,,wed,183,5,nonexistent,93.075,0
50,technician,married,basic.6y,unknown,no,no,cellular,may,tue,36,,failure,92.893,0
37,self-employed,single,,no,yes,no,cellular,apr,thu,270,2,failure,93.075,0
33,housemaid,married,professional.course,no,yes,no,cellular,aug,thu,110,1,nonexistent,93.444,0
48,unemployed,married,university.degree,no,yes,no,cellular,mar,mon,195,2,nonexistent,93.369,0
57,retired,married,basic.9y,unknown,yes,no,cellular,aug,fri,27,6,nonexistent,93.444,0
33,management,divorced,university.degree,no,yes,no,cellular,jun,wed,63,1,nonexistent,92.963,0
40,housemaid,divorced,high.school,no,no,no,telephone,jun,wed,1449,6,nonexistent,94.465,1
30,self-employed,single,university.degree,no,no,no,cellular,aug,tue,58,1,nonexistent,93.444,0
34,self-employed,married,university.degree,no,no,no,cellular,oct,wed,201,1,failure,92.431,1
54,management,divorced,university.degree,no,yes,no,telephone,may,mon,106,3,nonexistent,93.994,0
31,admin.,married,university.degree,no,no,no,cellular,apr,fri,170,1,nonexistent,93.075,0
31,technician,single,professional.course,no,yes,no,cellular,aug,tue,935,1,nonexistent,93.444,1
53,unemployed,married,basic.9y,unknown,yes,no,cellular,may,tue,67,4,nonexistent,92.893,0
43,admin.,single,university.degree,no,yes,no,cellular,apr,mon,670,4,success,93.075,1
36,blue-collar,married,basic.9y,no,yes,no,cellular,may,tue,620,1,nonexistent,92.893,0
47,admin.,divorced,university.degree,no,yes,no,cellular,aug,thu,507,4,nonexistent,93.444,0
30,technician,married,university.degree,no,yes,yes,cellular,jul,mon,204,4,nonexistent,94.215,1
31,self-employed,married,university.degree,no,yes,yes,cellular,nov,mon,60,1,failure,93.2,0
37,services,single,basic.9y,no,no,no,cellular,may,tue,348,1,nonexistent,92.893,0
27,blue-collar,single,basic.6y,no,no,no,cellular,jul,tue,1508,1,nonexistent,,1
46,admin.,married,high.school,no,no,no,telephone,jun,fri,354,2,nonexistent,94.465,0
41,technician,married,basic.9y,no,yes,no,cellular,may,wed,,1,failure,92.893,0
44,blue-collar,married,basic.9y,no,no,no,telephone,jun,fri,109,4,nonexistent,94.465,0
,admin.,married,university.degree,no,yes,no,cellular,may,thu,171,2,nonexistent,92.893,0
58,blue-collar,divorced,basic.4y,no,no,no,cellular,aug,fri,186,1,nonexistent,92.201,1
34,self-employed,married,university.degree,no,yes,no,cellular,nov,wed,213,5,nonexistent,93.2,0
60,admin.,single,high.school,no,no,yes,telephone,may,tue,474,2,nonexistent,93.994,0
29,blue-collar,married,basic.4y,no,no,yes,cellular,nov,wed,441,1,nonexistent,93.2,0
26,admin.,single,high.school,no,no,no,telephone,jun,thu,463,1,nonexistent,94.465,0
31,services,single,high.school,no,yes,no,telephone,may,wed,17,2,nonexistent,93.994,0
36,services,married,university.degree,no,yes,no,cellular,nov,wed,86,3,nonexistent,93.2,0
59,blue-collar,married,basic.4y,unknown,no,no,cellular,jul,fri,202,2,nonexistent,93.918,0
61,retired,married,university.degree,no,yes,no,cellular,apr,tue,216,1,nonexistent,93.075,1
30,technician,married,high.school,no,no,no,cellular,aug,tue,142,1,nonexistent,93.444,0
40,retired,married,professional.course,no,no,no,telephone,may,tue,140,1,nonexistent,93.994,0
48,technician,married,high.school,no,no,no,telephone,may,fri,700,1,nonexistent,93.994,0
47,services,single,high.school,no,no,no,cellular,jul,tue,293,1,nonexistent,93.918,0
32,technician,married,university.degree,no,yes,no,cellular,aug,thu,402,1,nonexistent,93.444,0
31,admin.,married,professional.course,unknown,yes,no,cellular,aug,fri,126,1,nonexistent,93.444,0
33,blue-collar,married,basic.9y,no,yes,no,cellular,may,tue,112,4,nonexistent,92.893,0
30,services,single,high.school,no,no,no,cellular,may,tue,263,2,nonexistent,92.893,0
49,management,married,university.degree,no,yes,no,cellular,apr,thu,44,1,nonexistent,93.075,0
53,self-employed,married,university.degree,no,yes,no,cellular,nov,fri,61,4,nonexistent,93.2,0
33,admin.,married,high.school,no,yes,no,cellular,may,fri,176,1,nonexistent,92.893,0
46,services,married,high.school,unknown,yes,no,cellular,may,fri,6,1,failure,92.893,0
45,admin.,married,high.school,no,yes,no,telephone,may,thu,695,1,nonexistent,93.994,1
31,technician,single,professional.course,unknown,yes,no,telephone,may,mon,188,7,nonexistent,93.994,0
28,blue-collar,single,basic.9y,unknown,no,no,cellular,may,wed,77,3,nonexistent,92.893,0
29,admin.,single,university.degree,no,yes,yes,cellular,nov,thu,736,1,nonexistent,93.2,1
26,blue-collar,single,basic.9y,no,yes,no,cellular,jul,tue,56,3,nonexistent,93.918,0
20,student,single,,no,yes,no,cellular,apr,wed,184,4,nonexistent,93.075,1
42,services,married,high.school,no,yes,yes,cellular,may,wed,77,2,failure,92.893,0
31,blue-collar,married,basic.9y,no,yes,no,cellular,nov,thu,415,1,nonexistent,93.2,0
56,entrepreneur,married,university.degree,unknown,no,yes,cellular,jul,tue,41,1,nonexistent,93.918,0
43,housemaid,divorced,professional.course,no,no,yes,cellular,aug,thu,306,5,nonexistent,93.444,0
44,management,married,high.school,unknown,no,yes,cellular,jul,mon,,1,nonexistent,93.918,0
30,admin.,married,high.school,no,yes,no,cellular,jul,fri,362,2,nonexistent,93.918,0
31,admin.,single,university.degree,no,no,no,cellular,sep,fri,123,3,nonexistent,,0
53,entrepreneur,divorced,university.degree,no,yes,no,cellular,nov,mon,107,1,failure,93.2,0
,retired,married,basic.4y,unknown,yes,no,telephone,may,thu,855,4,nonexistent,93.994,0
37,unemployed,married,university.degree,no,unknown,unknown,cellular,may,fri,34,,nonexistent,92.893,0
43,blue-collar,married,unknown,unknown,no,no,telephone,may,fri,512,6,nonexistent,93.994,0
45,admin.,married,basic.9y,unknown,no,no,telephone,,fri,973,2,nonexistent,94.465,1
29,admin.,divorced,university.degree,no,yes,no,cellular,jun,wed,238,3,nonexistent,92.963,1
53,services,married,high.school,no,no,no,telephone,may,wed,429,1,nonexistent,93.994,0
34,technician,married,university.degree,no,no,no,cellular,apr,thu,82,6,nonexistent,93.075,0
72,retired,married,high.school,no,no,no,cellular,nov,mon,257,1,nonexistent,92.649,1
25,admin.,single,university.degree,no,yes,no,cellular,apr,thu,229,2,nonexistent,93.075,1
46,admin.,married,high.school,no,no,no,telephone,jun,fri,47,4,nonexistent,94.465,0
39,admin.,single,high.school,no,no,no,cellular,jul,thu,9,6,nonexistent,93.918,0
57,management,married,university.degree,no,yes,yes,cellular,nov,fri,283,1,failure,93.2,0
24,admin.,single,professional.course,no,yes,yes,telephone,jun,mon,233,1,nonexistent,94.465,0
40,blue-collar,married,basic.6y,no,yes,no,telephone,jun,tue,5,1,nonexistent,94.055,0
45,services,married,high.school,unknown,yes,no,telephone,may,wed,349,2,nonexistent,93.994,0
33,entrepreneur,married,university.degree,no,yes,no,telephone,may,mon,130,3,nonexistent,93.994,0
34,blue-collar,married,basic.9y,no,no,no,telephone,jun,mon,157,29,nonexistent,94.465,0
24,admin.,single,high.school,no,no,no,cellular,jul,mon,452,1,success,94.215,1
55,entrepreneur,divorced,basic.9y,no,no,no,cellular,dec,fri,415,7,nonexistent,92.713,1
54,blue-collar,married,basic.6y,unknown,yes,no,telephone,jul,tue,34,1,nonexistent,93.918,0
32,technician,single,university.degree,no,no,no,cellular,aug,fri,182,1,nonexistent,93.444,0
27,student,single,high.school,no,no,no,cellular,mar,fri,219,1,nonexistent,93.369,1
45,management,married,university.degree,no,yes,yes,cellular,may,thu,265,3,nonexistent,92.893,0
47,services,divorced,basic.9y,unknown,no,no,cellular,jul,mon,678,1,nonexistent,93.918,0
29,services,married,high.school,no,no,no,telephone,may,tue,189,2,nonexistent,93.994,0
42,admin.,single,university.degree,unknown,yes,yes,cellular,jul,fri,115,1,nonexistent,93.918,0
28,student,single,high.school,no,no,no,cellular,apr,thu,319,3,nonexistent,93.075,0
27,self-employed,single,university.degree,no,no,no,cellular,may,thu,367,2,nonexistent,92.893,0
,admin.,divorced,university.degree,no,yes,no,cellular,may,mon,197,2,nonexistent,92.893,0
45,entrepreneur,married,basic.4y,no,yes,no,cellular,nov,tue,,5,nonexistent,93.2,0
33,management,single,university.degree,no,no,no,telephone,may,tue,125,2,nonexistent,93.994,0
36,technician,married,professional.course,no,no,no,cellular,jul,tue,71,2,nonexistent,93.918,0
34,technician,single,high.school,no,yes,no,telephone,jul,fri,106,2,nonexistent,93.918,0
30,technician,single,university.degree,no,no,no,cellular,aug,fri,360,1,nonexistent,93.444,0
33,blue-collar,married,,no,yes,no,cellular,jul,wed,273,2,nonexistent,93.918,0
56,blue-collar,married,basic.4y,unknown,no,no,telephone,jun,wed,36,4,nonexistent,,0
58,blue-collar,married,basic.4y,unknown,no,no,telephone,jun,fri,326,1,nonexistent,94.465,0
52,admin.,married,high.school,no,no,no,cellular,nov,fri,157,2,nonexistent,93.2,0
52,housemaid,married,basic.4y,no,no,no,cellular,jul,fri,479,2,nonexistent,93.918,0
36,admin.,divorced,university.degree,unknown,yes,yes,cellular,jul,wed,103,1,nonexistent,93.918,0
36,admin.,single,university.degree,no,yes,yes,cellular,nov,wed,118,1,nonexistent,93.2,0
53,blue-collar,married,basic.4y,unknown,yes,no,cellular,aug,mon,144,1,,93.444,0
52,housemaid,married,basic.4y,unknown,yes,no,cellular,aug,mon,197,2,nonexistent,93.444,0
47,technician,married,professional.course,no,yes,no,telephone,may,thu,69,1,nonexistent,93.994,0
37,self-employed,divorced,university.degree,no,yes,no,telephone,may,mon,596,1,nonexistent,93.994,0
25,blue-collar,single,basic.9y,unknown,yes,no,telephone,may,thu,113,1,nonexistent,93.994,0
32,blue-collar,married,basic.6y,no,no,no,cellular,jul,tue,59,1,nonexistent,93.918,0
34,admin.,single,university.degree,no,no,no,cellular,may,fri,101,4,failure,92.893,0
39,admin.,married,high.school,no,yes,no,telephone,jun,thu,337,2,nonexistent,94.465,0
52,technician,married,professional.course,no,yes,yes,telephone,nov,tue,285,2,failure,93.2,0
48,admin.,single,university.degree,no,yes,no,telephone,jun,thu,1082,1,nonexistent,94.465,0
48,entrepreneur,married,basic.9y,no,yes,no,cellular,jul,wed,44,7,nonexistent,93.918,0
50,blue-collar,single,basic.9y,unknown,no,no,telephone,may,fri,165,1,nonexistent,93.994,0
55,management,single,basic.4y,no,yes,no,telephone,jun,wed,89,4,nonexistent,94.465,0
38,blue-collar,married,basic.9y,no,yes,no,cellular,nov,tue,154,1,nonexistent,93.2,0
46,admin.,married,high.school,no,yes,no,cellular,aug,thu,91,11,nonexistent,93.444,0
31,services,single,high.school,no,yes,no,cellular,may,mon,206,1,nonexistent,92.893,0
27,technician,married,professional.course,no,no,no,cellular,jul,thu,102,9,nonexistent,93.918,0
50,blue-collar,married,basic.4y,no,no,no,cellular,may,tue,166,2,failure,92.893,0
52,services,divorced,unknown,unknown,yes,yes,telephone,may,fri,306,1,nonexistent,93.994,0
44,admin.,married,university.degree,unknown,yes,yes,telephone,may,mon,,7,nonexistent,93.994,0
35,technician,single,professional.course,no,yes,no,cellular,jul,tue,577,6,success,94.215,1
47,management,divorced,basic.6y,unknown,yes,yes,telephone,may,fri,353,1,nonexistent,93.994,0
32,admin.,single,university.degree,no,no,no,cellular,jul,thu,152,6,nonexistent,93.918,0
34,services,married,basic.9y,no,yes,yes,telephone,may,mon,437,2,failure,92.893,0
40,admin.,single,high.school,no,no,yes,cellular,may,wed,172,1,nonexistent,92.893,0
56,services,married,basic.4y,unknown,yes,yes,telephone,may,fri,166,1,nonexistent,93.994,0
48,admin.,married,university.degree,no,yes,no,cellular,aug,thu,321,3,nonexistent,93.444,0
,admin.,married,basic.9y,unknown,yes,no,cellular,jul,mon,163,2,nonexistent,93.918,0
48,admin.,divorced,high.school,no,yes,no,cellular,nov,mon,309,1,nonexistent,93.2,0
39,entrepreneur,married,high.school,no,yes,no,cellular,jul,thu,244,1,nonexistent,93.918,0
46,blue-collar,married,basic.9y,no,yes,no,cellular,nov,mon,132,1,nonexistent,93.2,0
41,technician,married,basic.9y,no,yes,no,telephone,may,tue,420,1,nonexistent,93.994,0
56,management,divorced,university.degree,no,no,no,telephone,jun,mon,252,4,nonexistent,94.465,0
25,admin.,married,university.degree,no,no,no,cellular,mar,fri,243,3,nonexistent,92.843,1
24,blue-collar,single,high.school,no,no,no,cellular,jul,fri,482,2,nonexistent,93.918,0
24,services,single,high.school,no,yes,no,telephone,jun,mon,920,2,nonexistent,94.465,0
39,technician,single,high.school,no,no,no,cellular,aug,mon,177,3,nonexistent,93.444,0
42,management,married,basic.6y,no,yes,yes,cellular,nov,fri,81,6,failure,93.2,0
35,technician,single,university.degree,no,no,yes,cellular,aug,wed,174,1,nonexistent,93.444,0
57,retired,single,high.school,no,no,no,telephone,may,mon,53,1,nonexistent,93.994,0
29,services,married,unknown,no,yes,yes,cellular,jul,wed,268,2,nonexistent,93.918,0
35,admin.,single,university.degree,no,yes,no,cellular,aug,fri,176,4,nonexistent,93.444,0
37,blue-collar,married,basic.6y,no,yes,no,cellular,apr,mon,724,2,nonexistent,93.075,0
,technician,single,high.school,no,yes,no,telephone,,wed,457,1,nonexistent,94.465,0
36,services,married,high.school,unknown,no,no,cellular,may,fri,89,1,nonexistent,92.893,0
41,blue-collar,single,basic.6y,unknown,no,no,cellular,jul,wed,92,1,nonexistent,93.918,0
47,blue-collar,married,basic.9y,no,yes,no,cellular,aug,mon,110,3,nonexistent,93.444,0
47,blue-collar,married,basic.4y,no,yes,no,cellular,aug,mon,729,4,nonexistent,93.444,0
44,blue-collar,married,basic.9y,unknown,yes,no,cellular,may,mon,144,2,failure,92.893,0
29,services,married,high.school,no,yes,no,telephone,may,mon,87,6,failure,92.893,0
58,management,married,university.degree,no,yes,yes,cellular,may,fri,256,1,nonexistent,92.893,0
36,blue-collar,married,basic.4y,no,yes,no,cellular,nov,mon,,1,nonexistent,93.2,0
30,admin.,single,university.degree,unknown,yes,no,telephone,jul,mon,256,2,nonexistent,93.918,0
46,admin.,single,,no,unknown,unknown,telephone,may,wed,74,1,nonexistent,93.994,0
30,management,married,university.degree,no,unknown,unknown,cellular,jul,wed,173,2,nonexistent,93.918,0
30,admin.,divorced,high.school,no,no,no,telephone,jun,fri,13,10,nonexistent,94.465,0
40,admin.,divorced,university.degree,no,yes,no,telephone,may,tue,380,1,nonexistent,93.994,0
27,blue-collar,single,basic.6y,no,yes,yes,telephone,jun,wed,444,,nonexistent,94.465,0
50,management,single,university.degree,no,no,no,cellular,jul,thu,192,1,nonexistent,93.918,0
45,blue-collar,married,basic.6y,unknown,no,no,cellular,jul,fri,636,2,nonexistent,93.918,0
52,housemaid,married,basic.4y,unknown,no,no,cellular,aug,mon,149,3,nonexistent,93.444,0
35,blue-collar,married,high.school,no,yes,yes,telephone,may,mon,83,1,nonexistent,93.994,0
41,blue-collar,married,basic.9y,unknown,no,yes,cellular,apr,fri,251,1,failure,93.075,0
41,admin.,married,university.degree,unknown,yes,no,cellular,aug,thu,15,9,nonexistent,93.444,0
45,admin.,married,university.degree,no,no,no,cellular,jul,wed,194,1,success,92.469,0
30,services,single,high.school,unknown,yes,no,cellular,may,wed,70,3,nonexistent,92.893,0
62,retired,divorced,university.degree,no,yes,no,telephone,oct,wed,129,3,nonexistent,92.431,0
34,blue-collar,single,high.school,no,no,no,cellular,jul,wed,118,2,nonexistent,93.918,0
27,blue-collar,single,basic.6y,no,no,no,telephone,may,mon,350,1,nonexistent,93.994,0
33,blue-collar,married,basic.9y,no,yes,no,cellular,jul,thu,21,14,nonexistent,93.918,0
30,blue-collar,married,basic.9y,no,yes,no,cellular,nov,fri,225,2,nonexistent,93.2,0
75,retired,divorced,basic.9y,no,no,no,cellular,mar,mon,233,1,nonexistent,92.843,0
31,entrepreneur,married,high.school,no,yes,yes,cellular,nov,wed,112,2,nonexistent,93.2,0
34,admin.,single,university.degree,no,no,no,telephone,jul,tue,232,4,nonexistent,93.918,0
29,unemployed,divorced,high.school,no,no,no,cellular,oct,mon,,2,nonexistent,92.431,0
46,unemployed,married,basic.9y,no,unknown,unknown,cellular,jun,tue,96,1,nonexistent,92.963,0
31,blue-collar,married,basic.9y,no,yes,no,cellular,may,fri,122,1,failure,92.893,0
27,technician,single,university.degree,no,yes,no,cellular,jul,mon,258,3,nonexistent,92.469,0
,admin.,single,professional.course,no,no,no,telephone,may,mon,131,1,nonexistent,93.994,0
45,admin.,single,university.degree,no,no,no,cellular,may,fri,582,1,success,92.893,1
31,admin.,single,high.school,no,yes,no,cellular,nov,fri,59,1,nonexistent,93.2,0
25,technician,single,professional.course,no,no,no,telephone,may,thu,22,1,nonexistent,93.994,0
33,blue-collar,single,basic.4y,no,yes,no,cellular,apr,mon,108,2,nonexistent,93.075,0
30,services,single,high.school,no,yes,no,cellular,jul,thu,70,6,nonexistent,93.918,0
29,unemployed,single,basic.4y,no,yes,no,cellular,nov,fri,112,1,success,94.767,0
26,technician,single,high.school,no,yes,no,telephone,may,mon,252,1,nonexistent,93.994,0
32,admin.,single,high.school,no,yes,no,cellular,may,thu,212,6,nonexistent,92.893,0
29,technician,single,high.school,no,yes,no,cellular,aug,mon,87,3,nonexistent,93.444,0
56,retired,married,basic.4y,no,no,no,telephone,jun,tue,394,3,nonexistent,94.465,0
52,management,divorced,university.degree,no,no,yes,telephone,may,tue,116,3,,93.994,0
34,blue-collar,married,basic.6y,unknown,no,no,telephone,jun,mon,61,1,nonexistent,94.465,0
45,blue-collar,married,basic.9y,no,no,no,telephone,may,wed,135,1,nonexistent,93.994,0
57,technician,married,high.school,no,yes,no,cellular,may,mon,758,1,failure,92.893,0
30,admin.,married,university.degree,no,yes,no,cellular,aug,thu,123,1,nonexistent,93.444,0
28,services,divorced,high.school,no,yes,no,telephone,may,wed,225,2,nonexistent,93.994,0
26,technician,married,professional.course,no,yes,no,telephone,jun,mon,181,2,nonexistent,94.465,0
33,management,married,university.degree,no,no,no,cellular,,thu,133,,nonexistent,93.2,0
24,services,single,professional.course,no,yes,no,cellular,jul,wed,,1,nonexistent,93.918,0
33,services,married,high.school,unknown,no,no,telephone,may,wed,227,3,nonexistent,93.994,0
33,management,married,university.degree,no,no,yes,telephone,may,thu,206,1,nonexistent,93.994,0
59,admin.,married,basic.4y,unknown,yes,no,cellular,jul,thu,137,1,nonexistent,93.918,0
60,admin.,single,high.school,no,no,no,telephone,jun,fri,118,1,nonexistent,94.465,0
25,student,single,high.school,no,yes,no,cellular,may,thu,959,3,failure,92.893,1
43,unemployed,single,university.degree,no,no,no,telephone,may,mon,404,4,nonexistent,93.994,0
58,management,married,basic.4y,unknown,no,no,telephone,jun,fri,301,2,nonexistent,94.465,0
47,technician,married,professional.course,no,no,no,cellular,aug,tue,364,1,nonexistent,93.444,0
39,technician,single,professional.course,no,no,no,telephone,may,tue,15,1,nonexistent,92.893,0
59,retired,married,,unknown,no,no,telephone,jun,wed,235,5,nonexistent,94.465,0
33,admin.,married,high.school,no,no,no,telephone,may,fri,283,1,nonexistent,93.994,0
,technician,married,high.school,no,no,no,cellular,jun,fri,157,2,nonexistent,92.963,1
47,blue-collar,married,basic.4y,no,yes,no,telephone,may,fri,352,1,nonexistent,93.994,0
24,admin.,married,professional.course,no,yes,no,cellular,apr,mon,102,6,failure,93.075,0
37,technician,married,professional.course,no,no,no,cellular,apr,fri,181,2,nonexistent,93.075,0
36,admin.,divorced,high.school,no,yes,no,telephone,may,wed,416,2,nonexistent,93.994,0
26,admin.,married,basic.9y,no,no,no,cellular,jul,tue,878,2,nonexistent,93.918,1
59,entrepreneur,married,high.school,no,no,no,telephone,may,wed,145,1,nonexistent,93.994,0
21,student,single,high.school,no,yes,no,cellular,apr,fri,551,1,nonexistent,93.749,1
32,entrepreneur,married,high.school,no,yes,no,cellular,jul,mon,240,1,nonexistent,93.918,0
37,admin.,married,high.school,no,no,yes,cellular,apr,fri,463,1,failure,93.075,0
47,technician,married,professional.course,no,no,no,cellular,jul,thu,223,1,nonexistent,93.918,0
31,blue-collar,single,basic.4y,no,yes,no,cellular,jul,thu,143,1,nonexistent,93.918,0
38,management,married,basic.9y,no,yes,no,cellular,nov,tue,390,3,nonexistent,93.2,0
38,unemployed,single,high.school,no,yes,no,telephone,may,tue,597,3,nonexistent,93.994,0
29,admin.,single,university.degree,no,no,no,cellular,oct,mon,87,2,failure,92.431,0
47,technician,married,professional.course,no,unknown,unknown,telephone,may,mon,89,1,nonexistent,93.994,0
26,admin.,single,high.school,no,no,no,telephone,may,wed,160,1,nonexistent,93.994,0
41,admin.,divorced,high.school,no,no,no,cellular,apr,fri,620,1,nonexistent,93.075,0
35,technician,single,university.degree,no,yes,yes,cellular,aug,thu,205,1,nonexistent,93.444,0
42,entrepreneur,married,basic.6y,no,no,no,telephone,may,tue,179,2,nonexistent,93.994,0
36,technician,single,professional.course,no,no,no,cellular,aug,mon,209,1,nonexistent,93.444,0
39,housemaid,married,basic.4y,no,no,no,cellular,jul,wed,102,1,nonexistent,93.918,0
49,technician,married,university.degree,no,no,no,cellular,may,thu,188,1,failure,93.876,0
38,blue-collar,married,basic.6y,unknown,unknown,unknown,telephone,may,thu,,1,nonexistent,93.994,0
37,blue-collar,divorced,basic.9y,unknown,yes,no,cellular,apr,thu,435,2,failure,93.075,0
,management,married,university.degree,no,yes,yes,cellular,mar,thu,94,1,nonexistent,92.843,0
35,management,single,university.degree,no,no,no,cellular,may,fri,296,2,nonexistent,92.893,0
47,admin.,married,university.degree,no,yes,no,cellular,aug,tue,653,5,nonexistent,93.444,0
33,blue-collar,married,basic.9y,no,no,yes,telephone,jun,tue,16,3,nonexistent,94.465,0
56,management,divorced,high.school,no,no,no,telephone,may,tue,218,1,nonexistent,93.994,0
31,blue-collar,married,basic.9y,no,yes,yes,telephone,may,wed,248,1,nonexistent,93.994,0
50,management,married,university.degree,no,no,no,cellular,aug,fri,299,2,nonexistent,93.444,0
46,admin.,divorced,university.degree,no,yes,no,telephone,jun,wed,165,2,nonexistent,94.465,0
38,technician,married,basic.4y,no,no,yes,cellular,apr,fri,244,,nonexistent,93.075,0
23,blue-collar,single,basic.9y,no,no,no,cellular,jul,thu,250,4,failure,94.215,1
56,retired,married,professional.course,no,yes,no,cellular,aug,mon,202,5,nonexistent,93.444,0
43,management,married,university.degree,unknown,yes,no,telephone,apr,fri,141,4,nonexistent,93.075,0
26,blue-collar,single,high.school,no,no,yes,telephone,jul,mon,251,2,nonexistent,93.918,0
37,housemaid,single,professional.course,no,yes,no,cellular,jul,wed,60,8,nonexistent,93.918,0
27,technician,single,professional.course,no,no,no,cellular,apr,wed,72,1,nonexistent,93.075,0
39,services,single,high.school,no,yes,no,telephone,jun,thu,1178,3,nonexistent,94.465,0
32,technician,single,university.degree,no,yes,no,cellular,aug,thu,271,2,nonexistent,93.444,0
43,blue-collar,married,basic.9y,no,yes,no,cellular,may,mon,247,6,nonexistent,92.893,0
33,admin.,single,university.degree,no,yes,no,cellular,aug,thu,289,1,nonexistent,93.444,0
39,blue-collar,married,professional.course,no,yes,no,cellular,may,wed,72,1,nonexistent,92.893,0
51,management,married,university.degree,no,yes,no,cellular,aug,tue,249,1,nonexistent,92.201,1
47,housemaid,married,basic.9y,no,no,no,cellular,aug,thu,135,1,nonexistent,93.444,0
51,blue-collar,married,basic.9y,no,yes,no,telephone,,mon,159,1,nonexistent,94.465,0
36,management,married,unknown,unknown,yes,no,cellular,jul,thu,171,1,nonexistent,93.918,0
29,blue-collar,married,basic.6y,no,no,no,cellular,may,thu,481,2,nonexistent,92.893,1
61,unknown,single,basic.4y,no,yes,no,cellular,may,tue,154,1,nonexistent,92.893,0
36,admin.,divorced,high.school,no,no,no,cellular,apr,tue,197,1,nonexistent,93.075,0
30,blue-collar,married,,no,yes,no,cellular,aug,fri,252,1,nonexistent,92.201,1
